true_label,predicted_label
4,4
15,15
37,37
15,15
33,33
29,15
37,37
22,22
24,24
9,9
16,16
24,24
18,18
1,1
15,15
20,20
14,14
9,9
23,23
10,10
10,10
8,8
8,8
15,15
34,35
12,12
29,29
15,15
3,3
36,36
21,21
11,11
19,19
15,15
1,1
4,4
35,35
35,35
26,26
15,15
15,15
19,19
24,24
15,15
36,31
29,29
24,24
35,35
1,1
10,10
1,1
33,33
13,13
25,25
35,35
15,15
3,3
26,26
31,31
35,35
16,16
6,6
15,15
34,34
18,18
17,17
25,25
24,24
3,3
35,35
3,3
35,35
20,20
5,5
35,35
32,32
14,14
25,25
16,16
34,33
12,12
31,31
4,4
9,9
25,25
14,14
9,9
24,24
28,28
31,31
32,32
35,35
34,33
24,24
33,33
24,24
19,19
25,25
9,9
34,29
16,16
24,22
21,20
3,3
35,35
19,19
13,13
12,12
24,24
12,12
33,33
37,37
15,15
18,18
15,15
16,16
18,18
35,35
15,15
11,11
16,16
36,36
22,22
24,24
3,3
4,4
16,16
15,15
8,8
25,25
16,16
32,32
12,12
26,26
32,32
3,3
3,3
5,5
10,10
15,15
32,32
31,31
35,35
4,4
27,27
8,8
16,16
33,33
19,19
15,15
8,8
15,15
10,10
32,32
15,15
3,3
30,30
5,5
23,23
24,24
15,15
15,15
12,12
21,21
35,35
34,36
24,24
6,6
28,30
26,26
29,29
24,24
34,34
15,15
32,32
15,15
35,35
35,35
12,12
37,37
6,6
13,11
28,28
32,32
35,35
18,18
35,35
24,24
13,13
21,21
15,15
24,24
33,33
30,21
7,7
23,23
30,30
6,6
28,28
11,11
24,6
3,3
12,12
33,33
16,16
27,27
20,20
9,9
24,24
24,24
36,36
28,28
4,4
12,12
32,32
30,21
6,6
12,12
35,35
13,13
11,11
3,3
12,11
35,35
19,19
28,29
12,12
15,15
16,16
7,7
0,5
24,24
24,24
15,15
23,23
29,29
35,35
28,28
35,35
16,16
29,29
24,24
19,19
28,32
7,7
30,30
33,33
15,15
10,10
26,26
15,15
37,37
28,28
16,18
31,31
15,15
25,25
35,35
3,3
10,10
2,2
4,4
35,35
4,4
16,30
4,4
13,13
15,15
35,35
15,15
11,11
33,33
29,29
24,24
4,4
19,18
20,20
21,21
11,11
25,25
19,17
33,33
15,15
25,25
15,15
24,24
15,15
33,33
15,15
19,19
15,15
15,15
35,35
8,8
16,16
34,34
28,28
5,5
15,15
30,30
9,7
25,25
12,12
24,24
35,28
32,32
10,10
6,6
30,21
3,3
21,2
25,25
26,26
37,37
16,16
35,35
24,24
11,11
35,35
8,8
27,27
10,10
15,15
32,32
15,15
14,14
28,30
33,33
13,13
35,35
19,18
24,24
33,33
25,25
28,28
16,16
15,15
25,25
29,29
37,37
35,35
21,21
34,34
18,18
27,27
10,10
31,31
24,24
22,22
8,8
18,19
33,33
35,35
35,35
28,29
7,7
15,15
19,19
37,37
3,3
35,35
24,24
22,22
35,35
32,32
26,26
32,31
12,12
24,24
33,33
30,33
25,25
10,10
35,35
35,35
24,24
24,24
8,8
24,24
7,7
24,24
35,35
3,3
35,35
16,16
32,32
12,12
4,15
34,29
24,24
34,34
15,15
34,34
24,24
37,37
11,11
18,18
28,28
16,29
18,18
32,32
14,14
24,24
37,37
28,28
16,16
36,36
35,35
15,15
15,15
19,19
16,16
35,35
21,22
24,24
11,11
9,7
11,11
30,21
19,19
33,33
20,20
16,16
15,15
28,28
15,15
15,15
3,3
35,35
35,35
12,12
9,9
10,10
37,37
12,12
3,3
28,28
30,30
24,24
34,29
30,30
35,35
24,24
8,8
4,4
25,25
25,25
6,6
21,21
16,16
28,35
35,35
1,1
14,14
30,30
10,10
15,15
35,35
35,35
32,30
1,1
37,37
8,8
15,15
16,16
17,17
8,8
15,15
30,30
30,34
11,11
19,19
22,22
6,6
26,26
24,22
11,11
30,31
5,5
15,15
12,12
3,3
24,24
30,30
3,3
15,15
31,31
5,5
24,24
30,30
15,15
35,31
28,28
25,25
34,29
37,37
15,15
6,6
28,28
24,22
33,33
16,16
15,15
24,24
12,12
19,19
14,14
32,32
32,35
12,12
33,33
37,15
35,35
28,28
25,25
8,8
30,30
11,11
15,15
35,35
32,28
11,11
15,15
12,12
26,26
6,6
16,16
15,15
29,29
35,35
10,10
24,24
15,15
26,26
24,24
12,12
30,30
4,4
24,24
15,15
12,12
33,33
8,8
5,5
29,29
28,28
19,17
32,32
21,21
16,16
25,25
15,15
35,35
0,0
24,24
10,10
10,10
35,35
15,15
4,4
11,11
35,35
24,24
29,29
19,15
15,15
20,20
19,19
5,5
33,33
15,15
35,35
7,7
33,33
15,15
13,13
4,4
17,17
30,29
5,5
14,22
24,22
15,15
35,35
35,35
26,26
15,15
33,33
6,6
13,13
15,15
34,34
35,35
33,33
18,18
28,28
30,30
25,25
31,5
24,24
37,37
32,32
10,10
16,16
29,29
3,3
2,2
36,36
4,4
17,17
34,34
20,20
35,35
31,6
5,5
10,10
35,35
21,21
12,12
15,15
16,16
35,35
30,30
29,29
35,35
32,32
15,15
12,12
11,11
28,28
35,35
30,30
22,22
21,29
35,35
16,16
11,11
19,19
11,11
31,31
37,37
5,5
0,7
6,6
9,9
30,29
25,25
28,29
5,5
15,15
35,35
34,34
30,30
15,15
5,24
35,35
25,25
8,8
18,18
13,13
11,11
30,30
10,10
35,35
24,24
37,37
37,37
6,6
30,30
15,15
15,15
16,16
35,35
35,35
0,0
24,24
15,15
11,11
0,0
8,8
15,15
32,32
2,2
15,15
8,8
4,4
35,35
35,35
28,29
35,35
20,20
29,29
31,31
35,35
15,15
37,37
16,16
32,2
35,35
12,12
11,11
15,15
11,12
24,24
20,20
24,24
30,36
14,14
15,15
16,18
12,12
20,20
24,24
33,33
24,24
8,8
23,23
24,24
27,27
28,28
3,3
13,23
15,15
1,1
8,8
31,31
24,24
15,15
23,23
20,20
3,3
35,35
9,9
32,20
24,24
20,20
37,37
16,17
28,28
35,35
28,28
15,15
9,9
31,31
12,12
16,16
0,0
0,0
11,11
29,30
24,24
17,17
12,12
37,37
8,8
32,32
1,11
29,29
25,25
35,35
35,33
16,16
24,24
19,19
18,18
33,33
16,16
25,25
9,9
1,1
11,11
15,15
3,3
4,4
12,12
3,3
35,35
8,8
4,4
25,25
24,24
3,3
34,34
24,24
28,28
3,3
34,34
15,15
25,25
29,29
25,25
24,24
15,15
30,30
16,16
15,15
24,24
21,21
34,34
29,29
33,33
3,3
25,25
3,3
17,17
22,22
7,7
10,10
18,18
12,12
15,15
24,24
28,28
6,6
28,24
28,28
4,4
32,32
2,2
20,20
4,4
7,7
24,24
3,3
30,29
15,15
3,21
15,15
32,32
25,25
24,24
6,6
4,4
21,21
4,4
3,3
32,32
4,4
37,37
15,15
24,24
15,15
5,5
9,9
10,10
15,15
24,24
11,11
26,12
24,24
4,4
26,26
37,37
19,18
25,25
25,7
14,14
4,4
15,15
3,3
35,35
24,24
35,35
35,35
10,10
34,34
33,33
33,33
24,24
20,20
19,19
13,13
8,8
33,33
9,9
10,10
24,24
4,4
32,32
18,19
9,9
30,30
29,29
3,24
4,4
25,25
1,1
21,22
35,35
33,24
15,15
15,15
20,20
19,19
25,25
31,0
0,0
33,36
30,30
3,21
3,3
34,34
3,3
15,15
26,26
18,18
35,35
33,34
15,15
20,20
24,24
16,16
24,24
35,35
26,26
35,35
30,30
13,13
35,35
26,26
32,32
4,4
16,16
24,24
18,18
26,26
24,24
31,29
35,35
3,3
10,10
24,24
21,21
28,28
8,8
8,8
5,5
36,36
12,12
33,33
4,4
30,30
30,30
9,9
35,35
32,32
26,26
0,0
15,15
35,35
26,26
19,19
9,9
24,24
16,16
13,13
32,32
35,35
15,15
24,3
24,24
34,34
37,37
15,15
19,17
26,26
35,35
5,5
24,24
15,15
24,24
30,30
19,19
35,35
24,24
19,19
15,15
6,6
36,36
18,18
35,35
28,28
33,33
26,26
37,37
0,0
30,30
17,17
31,31
31,31
12,12
24,24
21,21
19,19
11,11
37,37
24,24
24,22
31,31
30,29
9,9
28,28
32,29
12,12
30,30
13,18
5,5
15,15
30,29
8,8
30,29
35,35
15,15
15,15
32,31
8,8
28,28
8,8
34,33
37,37
8,8
24,24
3,3
5,5
23,23
37,37
17,17
31,31
3,3
4,4
24,24
34,34
23,23
15,15
37,37
12,12
13,13
25,25
24,24
24,24
35,35
15,15
28,28
16,16
6,6
2,29
19,19
3,3
36,36
24,24
28,28
30,30
37,37
15,15
11,11
1,1
32,32
35,35
24,24
6,6
24,24
15,15
24,24
26,26
15,15
20,20
16,16
8,8
19,19
33,33
33,33
24,22
27,27
4,4
31,31
15,15
24,24
24,24
26,26
28,28
24,24
34,34
24,24
19,19
19,19
15,15
9,9
3,3
15,15
13,13
6,6
26,26
35,35
28,28
28,28
16,16
3,3
24,24
30,30
35,35
10,10
2,2
17,17
35,35
31,29
25,25
19,19
6,6
24,24
15,15
18,18
20,20
35,35
19,19
13,13
28,28
24,24
16,16
4,4
14,14
35,35
24,24
16,16
35,35
3,17
24,24
31,18
35,35
20,20
15,15
0,18
13,13
10,10
27,27
18,34
33,33
35,35
18,18
24,24
5,5
24,24
32,26
9,7
11,11
35,35
26,26
15,15
25,25
20,20
35,35
20,20
35,35
37,37
15,15
1,1
12,12
35,35
11,11
15,15
15,15
8,8
24,22
32,32
25,25
37,37
4,4
25,25
27,27
28,28
18,18
35,35
25,25
5,5
28,28
34,28
37,37
21,22
15,15
19,19
33,33
15,15
15,15
29,29
28,29
21,21
15,15
16,16
30,29
35,35
29,29
21,30
4,4
19,5
28,28
24,24
4,4
16,17
35,35
16,16
12,12
9,9
16,16
24,24
23,23
24,24
3,3
34,34
25,25
24,24
20,20
37,37
0,0
25,25
35,35
9,7
32,32
35,35
15,15
25,25
28,28
24,24
35,35
10,10
32,30
11,11
5,5
29,28
30,29
15,15
3,3
32,32
19,19
24,24
28,28
29,29
15,15
24,24
16,16
13,13
15,15
11,11
1,1
18,16
1,1
24,24
24,24
35,35
13,13
24,24
15,15
20,20
26,26
30,30
9,9
28,29
21,21
15,15
5,5
24,24
24,24
16,2
18,18
15,15
35,35
0,0
4,4
37,37
24,24
25,25
37,37
6,6
28,28
25,25
37,37
33,33
16,16
6,6
10,10
15,15
35,35
34,34
33,33
15,15
27,27
15,15
5,5
31,31
30,29
0,0
27,27
37,37
15,15
16,16
33,33
25,25
33,22
24,24
35,33
10,10
21,21
8,8
1,1
15,15
37,37
8,8
2,2
20,20
26,26
15,15
34,34
37,37
18,18
35,35
16,20
34,34
30,29
29,21
33,33
32,32
35,35
21,21
5,5
24,24
30,30
23,23
34,33
24,22
24,24
5,5
37,37
15,15
28,28
31,31
33,21
4,4
15,15
35,35
29,29
3,3
5,5
13,13
36,36
7,9
36,36
28,28
35,35
0,19
25,25
35,35
26,26
15,15
9,9
33,33
24,24
35,35
24,24
35,35
16,16
12,12
34,34
9,7
33,33
5,5
15,15
16,16
37,37
35,29
15,15
24,24
15,15
35,35
30,30
5,5
35,35
13,13
24,24
37,37
16,16
34,32
15,15
33,18
6,6
29,29
30,30
16,16
5,5
20,20
25,26
7,7
24,24
10,10
10,10
35,35
13,13
4,4
30,30
7,7
24,24
9,9
35,35
35,35
29,29
13,13
35,35
24,24
8,8
16,16
0,0
4,4
18,18
35,35
24,24
35,35
35,35
35,35
32,32
35,35
15,15
28,28
32,32
34,34
17,17
35,35
32,32
35,35
11,11
16,16
19,19
34,34
32,32
24,24
16,16
16,16
32,32
35,35
35,35
31,31
37,37
31,31
34,34
33,33
35,35
35,35
21,21
16,16
25,25
15,15
18,18
15,15
28,28
32,29
30,30
15,15
26,26
15,15
30,30
20,20
35,35
35,35
15,15
4,4
25,25
15,15
32,32
19,19
24,24
24,24
26,26
7,7
13,13
21,21
24,24
13,13
20,20
35,35
31,31
25,25
16,16
16,16
24,24
19,19
18,18
4,4
21,21
13,13
15,15
27,27
26,26
24,24
21,21
7,7
4,4
26,26
2,2
25,25
8,8
12,12
10,10
14,14
13,13
15,15
29,29
28,35
35,35
16,16
29,29
34,34
15,15
3,3
0,0
30,21
27,27
15,15
12,12
6,6
20,20
8,8
21,21
27,27
24,24
11,11
19,26
10,10
25,25
32,32
35,35
15,15
37,37
23,23
9,9
25,25
7,7
5,5
19,19
13,21
19,19
35,35
28,24
15,15
35,35
25,25
25,25
35,35
28,30
7,7
1,1
21,21
15,15
35,35
35,30
37,37
34,34
3,17
34,34
24,24
15,15
34,34
21,21
8,8
0,0
11,11
16,17
13,13
32,32
5,5
24,24
1,1
16,16
35,35
29,29
35,35
24,24
32,32
15,15
37,37
18,18
24,24
6,6
24,24
18,18
35,35
15,15
28,29
15,15
24,4
20,20
9,9
1,1
33,33
15,15
30,30
10,10
24,24
30,30
13,13
22,22
35,35
35,35
12,12
20,20
33,33
4,4
24,24
28,24
34,29
3,17
35,35
11,12
31,31
15,15
4,4
26,26
28,34
28,28
32,31
24,24
35,35
28,28
